OBJECTID,DATE,Allegany,Anne_Arundel,Baltimore,Baltimore_City,Calvert,Caroline,Carroll,Cecil,Charles,Dorchester,Frederick,Garrett,Harford,Howard,Kent,Montgomery,Prince_Georges,Queen_Annes,Somerset,St_Marys,Talbot,Washington,Wicomico,Worcester,Unknown
1,2020/03/15 14:00:00+00,,2,3,1,,,1,,1,,,,2,,,12,9,,,,,,,,
2,2020/03/16 14:00:00+00,,1,4,1,,,1,,1,,,,2,1,,10,15,,,,1,,,,
3,2020/03/17 14:00:00+00,,3,6,1,,,1,,1,,1,,2,3,,24,14,,,,1,,,,
4,2020/03/18 14:00:00+00,,4,10,4,,,1,,2,,1,,3,8,,31,20,,,,1,,,,
5,2020/03/19 14:00:00+00,,5,12,8,1,,2,,2,,1,,3,16,,33,23,,,,1,,,,
6,2020/03/20 14:00:00+00,,10,13,11,1,,3,,2,,1,,5,18,,51,31,,,,1,,1,1,
7,2020/03/21 14:00:00+00,,15,19,15,1,,3,,4,,1,,5,19,,68,36,,,,1,,2,1,
8,2020/03/22 14:00:00+00,,18,28,24,2,1,4,1,4,,1,,5,24,,83,40,,1,1,1,1,2,2,
9,2020/03/23 14:00:00+00,,20,35,31,2,1,5,1,5,,2,3,5,26,,93,47,1,1,1,1,2,4,2,
10,2020/03/24 14:00:00+00,,24,42,41,3,1,5,3,5,,4,3,5,30,,107,63,1,1,2,1,2,4,2,
11,2020/03/25 14:00:00+00,,31,51,53,3,1,5,4,8,,7,3,5,35,1,127,76,1,1,2,1,2,4,2,
12,2020/03/26 14:00:00+00,,41,81,72,7,1,7,4,10,,14,3,9,49,1,164,101,1,1,4,1,2,5,2,
13,2020/03/27 14:00:00+00,,63,103,88,9,1,9,9,17,,15,3,18,62,2,208,148,1,1,4,1,5,5,2,
14,2020/03/28 14:00:00+00,,88,141,112,8,1,10,13,21,,22,3,21,73,2,255,196,1,1,8,2,6,6,2,
15,2020/03/29 14:00:00+00,,99,162,129,10,3,82,13,28,,24,3,23,81,3,301,247,4,1,8,3,6,6,2,
16,2020/03/30 14:00:00+00,,110,186,152,12,4,82,13,33,,26,3,24,96,3,341,294,4,1,9,4,7,6,3,
17,2020/03/31 14:00:00+00,,127,227,187,15,4,92,14,40,,33,3,25,117,3,388,341,4,1,15,3,11,7,3,
18,2020/04/01 14:00:00+00,,158,289,221,18,4,96,16,56,1,35,3,34,142,3,447,403,7,4,19,3,15,7,4,
19,2020/04/02 14:00:00+00,1,206,353,265,22,4,105,20,69,1,45,3,37,152,5,498,473,8,4,27,4,17,7,5,
20,2020/04/03 14:00:00+00,2,249,427,313,30,4,129,25,90,1,54,3,41,166,5,566,563,12,4,30,5,27,7,5,
21,2020/04/04 14:00:00+00,3,289,491,343,33,4,134,33,95,1,73,3,44,180,5,640,653,13,4,34,6,29,8,7,
22,2020/04/05 14:00:00+00,6,319,590,394,39,4,142,36,111,1,112,3,52,199,5,693,785,13,4,40,7,34,11,9,
23,2020/04/06 14:00:00+00,6,343,648,435,40,6,150,37,129,1,138,3,55,214,5,793,916,15,4,41,8,37,11,10,
24,2020/04/07 14:00:00+00,7,370,652,459,41,11,159,41,136,3,151,3,59,236,8,871,1020,15,4,46,8,44,17,10,
25,2020/04/08 14:00:00+00,6,466,866,571,56,11,186,49,164,4,199,5,86,274,9,1088,1310,16,4,62,10,57,20,10,
26,2020/04/09 14:00:00+00,8,505,979,638,66,12,203,54,180,7,233,5,101,299,9,1214,1476,17,4,65,13,60,21,16,
27,2020/04/10 14:00:00+00,10,554,1072,689,76,12,214,64,220,7,289,4,110,319,9,1388,1716,17,4,71,13,66,28,16,
28,2020/04/11 14:00:00+00,11,615,1173,756,82,15,214,66,235,8,341,4,120,351,10,1537,1923,19,4,73,13,72,33,19,
29,2020/04/12 14:00:00+00,13,659,1257,812,90,17,236,74,253,9,368,4,129,371,11,1631,2035,19,4,82,14,75,42,20,
30,2020/04/13 14:00:00+00,15,724,1361,873,94,21,250,83,274,12,417,4,142,386,11,1756,2205,19,6,95,16,93,58,21,
31,2020/04/14 14:00:00+00,17,783,1377,962,99,21,259,85,292,14,441,4,147,403,11,1883,2356,19,5,98,16,96,63,21,0
32,2020/04/15 14:00:00+00,17,845,1485,1060,102,22,262,90,310,16,442,4,152,424,11,1933,2516,19,5,99,14,106,76,22,0
33,2020/04/16 14:00:00+00,20,896,1516,1160,103,23,283,101,327,18,497,4,161,451,11,2133,2722,19,6,98,14,109,87,25,0
34,2020/04/17 14:00:00+00,26,966,1569,1273,109,28,288,127,337,20,525,4,176,475,14,2280,2966,19,9,100,14,116,103,28,0
35,2020/04/18 14:00:00+00,33,1005,1664,1378,109,33,308,131,347,20,557,4,195,508,16,2404,3160,24,10,101,16,116,138,31,0
36,2020/04/19 14:00:00+00,33,1047,1733,1392,113,33,313,131,370,21,591,4,210,515,18,2507,3345,25,10,105,19,117,145,33,0
37,2020/04/20 14:00:00+00,32,1098,1875,1511,114,39,335,134,392,23,616,4,226,538,28,2647,3583,26,11,107,22,123,166,34,0
38,2020/04/21 14:00:00+00,56,1157,1925,1542,116,41,330,134,401,25,632,4,232,565,29,2768,3734,27,11,107,22,126,176,33,0
39,2020/04/22 14:00:00+00,58,1190,2012,1602,118,41,344,134,427,28,658,4,267,592,36,2868,3875,31,11,112,23,127,183,34,0
40,2020/04/23 14:00:00+00,77,1294,2132,1672,121,50,355,140,442,31,690,4,280,618,64,3060,4141,33,12,115,25,139,203,39,0
41,2020/04/24 14:00:00+00,90,1373,2234,1728,125,55,372,144,459,32,765,4,289,642,67,3227,4403,43,13,119,23,143,222,44,0
42,2020/04/25 14:00:00+00,105,1430,2387,1791,130,61,384,146,483,38,814,4,302,686,67,3483,4795,52,14,124,28,154,242,46,0
43,2020/04/26 14:00:00+00,113,1510,2509,1866,134,63,391,154,504,46,834,4,319,707,68,3645,4987,53,16,133,34,173,270,48,0
44,2020/04/27 14:00:00+00,114,1544,2548,1933,138,68,403,163,529,51,865,4,352,778,70,3843,5263,54,19,144,34,181,336,53,0
45,2020/04/28 14:00:00+00,115,1571,2631,1977,139,69,416,163,539,52,870,4,358,802,73,4003,5496,55,20,145,34,187,340,54,0
46,2020/04/29 14:00:00+00,116,1662,2740,2014,142,69,421,164,551,51,893,4,371,831,73,4152,5738,55,21,145,34,197,350,55,0
47,2020/04/30 14:00:00+00,118,1725,2831,2068,150,71,436,167,564,51,918,4,414,867,79,4300,6043,52,26,150,35,206,406,61,0
48,2020/05/01 14:00:00+00,118,1807,3013,2162,161,74,460,176,611,54,942,4,437,896,86,4754,6735,52,30,159,35,216,425,65,0
49,2020/05/02 14:00:00+00,121,1885,3183,2237,160,79,480,187,622,59,976,4,468,931,80,4919,7041,57,32,164,39,225,452,72,0
50,2020/05/03 14:00:00+00,124,1959,3301,2319,162,95,494,188,637,71,1004,4,479,969,91,5150,7333,60,33,165,44,232,473,75,0
51,2020/05/04 14:00:00+00,126,2018,3448,2411,171,98,506,194,651,75,1038,4,491,992,95,5384,7598,63,35,168,45,237,480,80,0
52,2020/05/05 14:00:00+00,129,2045,3430,2609,174,99,513,195,660,76,1071,4,499,1010,95,5541,7831,65,37,170,45,238,500,81,0
53,2020/05/06 14:00:00+00,129,2085,3527,2752,184,101,521,200,670,79,1108,4,532,1061,94,5790,8135,67,39,186,45,251,517,86,0
54,2020/05/07 14:00:00+00,143,2194,3662,2856,188,105,534,208,698,85,1151,4,552,1098,98,6032,8516,68,40,193,52,260,541,96,0
55,2020/05/08 14:00:00+00,143,2290,3763,2941,191,107,542,211,716,86,1182,5,572,1138,98,6316,8901,70,41,207,55,259,553,98,0
56,2020/05/09 14:00:00+00,144,2372,3737,3208,202,110,551,219,729,91,1213,6,589,1170,102,6555,9205,72,42,234,58,265,558,102,0
57,2020/05/10 14:00:00+00,146,2463,3862,3317,206,133,560,242,748,95,1251,6,605,1205,113,6762,9496,80,43,241,60,276,571,106,0
58,2020/05/11 14:00:00+00,146,2492,3948,3353,209,167,583,267,756,98,1267,6,605,1223,116,6909,9687,100,50,244,61,283,690,113,0
59,2020/05/12 14:00:00+00,148,2520,4051,3404,211,174,589,270,761,102,1282,6,614,1234,120,7130,9892,103,51,246,61,284,694,114,0
60,2020/05/13 14:00:00+00,149,2596,4160,3476,214,177,595,271,778,102,1302,6,629,1258,123,7283,10072,104,51,254,62,287,738,125,0
61,2020/05/14 14:00:00+00,150,2661,4290,3505,225,183,619,291,796,104,1325,6,663,1285,125,7548,10449,106,51,271,64,305,754,127,0
62,2020/05/15 14:00:00+00,151,2752,4399,3606,228,190,635,300,829,107,1364,6,671,1313,131,7759,10791,108,54,299,65,320,777,131,0
63,2020/05/16 14:00:00+00,160,2801,4549,3719,237,200,633,308,844,111,1402,7,678,1352,138,7988,11031,112,55,306,68,332,801,136,0
64,2020/05/17 14:00:00+00,161,2856,4624,3798,241,191,646,308,859,111,1423,6,687,1378,137,8206,11316,125,57,313,68,338,818,137,0
65,2020/05/18 14:00:00+00,164,2893,4749,3830,245,200,703,318,867,122,1460,7,695,1416,140,8417,11608,129,61,326,68,343,837,164,0
66,2020/05/19 14:00:00+00,166,2981,4920,4002,255,208,712,323,895,122,1491,7,709,1465,144,8950,12240,133,62,338,68,352,839,164,0
67,2020/05/20 14:00:00+00,166,3033,5025,4152,259,210,720,328,921,122,1533,7,721,1494,145,9052,12446,135,64,340,69,364,848,169,0
68,2020/05/21 14:00:00+00,166,3132,5135,4339,278,216,733,331,943,124,1568,7,737,1548,143,9260,12830,141,71,357,70,377,844,181,0
69,2020/05/22 14:00:00+00,168,3207,5170,4492,291,223,755,339,956,126,1625,7,746,1586,146,9432,13077,141,71,370,73,389,854,180,0
70,2020/05/23 14:00:00+00,168,3282,5290,4673,298,231,765,342,969,126,1661,7,764,1638,148,9699,13324,146,71,379,77,398,859,180,0
71,2020/05/24 14:00:00+00,170,3307,5373,4782,304,240,783,345,989,127,1696,7,780,1667,152,9922,13521,146,72,393,79,408,867,183,0
72,2020/05/25 14:00:00+00,176,3357,5476,4888,307,241,802,348,997,128,1731,10,789,1716,155,10111,13726,151,72,395,86,413,892,185,0
73,2020/05/26 14:00:00+00,176,3394,5498,4997,308,243,811,353,1001,130,1746,10,795,1732,158,10291,13819,151,73,400,86,413,908,194,0
74,2020/05/27 14:00:00+00,177,3448,5562,5054,314,243,817,354,1008,133,1786,10,801,1760,160,10467,14100,151,73,400,84,418,910,193,0
75,2020/05/28 14:00:00+00,178,3556,5678,5203,320,245,840,356,1027,136,1824,10,827,1815,165,10752,14508,152,73,417,87,423,919,198,0
76,2020/05/29 14:00:00+00,177,3643,5819,5426,329,248,861,364,1056,140,1856,10,854,1868,167,11035,14773,160,73,460,91,441,931,206,0
77,2020/05/30 14:00:00+00,177,3743,5955,5564,334,253,880,366,1085,141,1890,10,861,1905,170,11251,15022,159,73,471,96,456,943,210,0
78,2020/05/31 14:00:00+00,178,3785,6065,5664,341,259,913,371,1108,142,1911,10,882,1928,173,11361,15220,160,73,499,99,469,953,214,0
79,2020/06/01 14:00:00+00,180,3842,6299,5604,349,260,914,369,1120,142,1928,10,881,1944,174,11476,15353,161,73,505,101,472,955,215,0
80,2020/06/02 14:00:00+00,181,3924,6385,5688,352,263,927,377,1133,144,1961,10,891,1975,174,11731,15553,161,74,518,101,480,955,217,0
81,2020/06/03 14:00:00+00,182,4009,6457,5801,348,265,940,381,1152,147,2005,10,901,2004,178,11924,15738,162,75,536,103,486,959,219,0
82,2020/06/04 14:00:00+00,182,4080,6476,5906,352,268,947,388,1174,152,2041,10,920,2033,180,12226,15940,161,76,542,106,516,959,223,0
83,2020/06/05 14:00:00+00,183,4150,6590,6038,353,268,960,393,1185,153,2069,10,939,2074,184,12434,16169,163,76,547,106,529,967,230,0
84,2020/06/06 14:00:00+00,184,4210,6696,6141,354,270,950,399,1196,154,2100,10,947,2094,185,12624,16316,168,76,548,108,545,975,232,0
85,2020/06/07 14:00:00+00,184,4236,6753,6229,358,272,952,404,1202,155,2114,10,957,2125,187,12734,16434,170,76,553,108,548,977,235,0
86,2020/06/08 14:00:00+00,185,4267,6814,6296,362,272,954,408,1211,156,2135,10,961,2156,187,12818,16523,177,77,553,108,551,984,239,0
87,2020/06/09 14:00:00+00,186,4309,6852,6355,363,273,963,417,1216,157,2152,10,969,2191,188,12968,16636,177,77,561,108,545,990,241,0
88,2020/06/10 14:00:00+00,185,4348,6916,6428,363,276,969,423,1231,157,2178,10,982,2220,189,13124,16753,178,77,565,108,551,992,242,0
89,2020/06/11 14:00:00+00,185,4421,6985,6509,366,278,976,429,1235,159,2202,10,990,2311,188,13276,16940,178,78,573,107,560,998,243,0
90,2020/06/12 14:00:00+00,187,4453,7051,6559,370,279,977,435,1248,160,2225,10,991,2332,189,13348,17042,179,78,575,107,568,1004,246,0
91,2020/06/13 14:00:00+00,187,4522,7107,6633,373,282,983,439,1264,161,2251,10,1004,2371,192,13534,17216,179,79,578,107,570,1010,253,0
92,2020/06/14 14:00:00+00,187,4607,7151,6689,375,283,989,443,1269,162,2273,10,1009,2335,193,13607,17326,180,79,580,107,571,1020,256,0
93,2020/06/15 14:00:00+00,187,4623,7199,6747,376,283,992,445,1272,165,2298,10,1019,2350,193,13657,17400,183,80,582,107,579,1027,258,0
94,2020/06/16 14:00:00+00,188,4751,7248,6782,380,284,987,450,1277,166,2308,10,1023,2327,193,13709,17499,183,82,585,109,579,1031,258,0
95,2020/06/17 14:00:00+00,188,4796,7329,6866,382,284,1006,455,1291,170,2336,10,1032,2343,192,13819,17611,187,82,587,110,593,1035,265,0
96,2020/06/18 14:00:00+00,187,4835,7371,6906,385,285,1010,456,1294,170,2342,10,1036,2348,193,13862,17666,187,83,595,110,595,1036,267,0
97,2020/06/19 14:00:00+00,187,4862,7403,6938,389,288,1028,459,1294,174,2361,10,1041,2382,193,13928,17709,203,83,599,113,601,1036,267,0
98,2020/06/20 14:00:00+00,188,4880,7480,6993,393,290,1028,460,1304,180,2380,10,1052,2409,193,14004,17804,204,83,597,113,602,1039,270,0
99,2020/06/21 14:00:00+00,188,4904,7537,7053,394,294,1030,460,1313,183,2393,10,1056,2423,193,14079,17874,205,83,602,115,603,1043,271,0
100,2020/06/22 14:00:00+00,189,4916,7585,7095,397,294,1031,461,1328,183,2407,10,1060,2436,194,14141,17935,211,83,599,117,611,1046,274,0
101,2020/06/23 14:00:00+00,192,4946,7635,7148,398,296,1061,461,1333,183,2419,10,1064,2423,194,14204,18080,211,84,605,116,616,1051,277,0
102,2020/06/24 14:00:00+00,194,4956,7652,7210,402,297,1082,464,1341,183,2425,10,1072,2436,195,14283,18151,213,84,606,116,634,1053,278,0
103,2020/06/25 14:00:00+00,203,4985,7710,7258,403,302,1101,460,1350,184,2441,10,1078,2453,194,14381,18249,215,85,610,119,653,1055,278,0
104,2020/06/26 14:00:00+00,204,5005,7768,7299,404,309,1104,462,1357,182,2448,10,1078,2470,195,14471,18307,220,86,611,121,663,1059,282,0
105,2020/06/27 14:00:00+00,204,5042,7800,7363,408,315,1104,473,1362,183,2465,10,1090,2490,196,14520,18342,224,86,619,130,684,1058,282,0
106,2020/06/28 14:00:00+00,204,5055,7847,7416,410,315,1105,473,1371,185,2471,11,1096,2501,198,14607,18414,226,86,620,130,694,1060,282,0
107,2020/06/29 14:00:00+00,204,5092,7929,7498,413,318,1114,478,1383,188,2486,11,1108,2527,199,14675,18505,227,87,633,136,695,1062,286,0
108,2020/06/30 14:00:00+00,205,5109,7985,7546,414,319,1117,479,1393,188,2490,11,1116,2538,198,14737,18572,230,87,637,137,698,1067,286,0
109,2020/07/01 14:00:00+00,205,5134,8040,7605,415,320,1136,480,1399,188,2493,11,1127,2568,200,14803,18645,230,87,639,137,697,1070,289,0
110,2020/07/02 14:00:00+00,205,5179,8105,7701,418,321,1149,486,1416,189,2501,11,1153,2602,201,14899,18731,232,87,646,141,687,1074,289,0
111,2020/07/03 14:00:00+00,206,5200,8183,7789,419,321,1155,487,1426,188,2520,11,1173,2618,200,15021,18861,234,87,651,144,691,1085,291,0
112,2020/07/04 14:00:00+00,208,5239,8234,7857,419,322,1156,490,1430,192,2546,13,1176,2637,200,15082,18940,240,87,652,147,695,1087,292,0
113,2020/07/05 14:00:00+00,210,5261,8285,7897,421,322,1158,494,1437,201,2552,14,1180,2651,203,15129,18998,247,88,654,150,696,1088,296,0
114,2020/07/06 14:00:00+00,210,5290,8335,7960,422,322,1164,498,1441,201,2554,15,1189,2666,203,15163,19040,248,88,659,152,696,1091,297,0
115,2020/07/07 14:00:00+00,210,5305,8381,8000,422,323,1182,505,1451,199,2551,15,1198,2685,204,15332,19182,256,91,662,155,691,1095,301,0
116,2020/07/08 14:00:00+00,212,5341,8443,8071,425,325,1188,512,1473,199,2553,16,1209,2723,204,15400,19285,260,93,666,161,694,1102,306,0
117,2020/07/09 14:00:00+00,212,5391,8497,8155,435,329,1190,514,1483,199,2567,17,1225,2751,203,15503,19456,268,94,673,165,702,1109,309,0
118,2020/07/10 14:00:00+00,213,5423,8581,8249,438,332,1200,518,1496,203,2577,19,1246,2770,204,15568,19510,273,98,679,170,710,1119,314,0
119,2020/07/11 14:00:00+00,216,5471,8675,8367,445,334,1210,526,1502,209,2586,22,1262,2793,204,15623,19598,287,98,689,184,720,1130,316,0
120,2020/07/12 14:00:00+00,216,5514,8797,8489,449,336,1217,527,1517,217,2598,26,1279,2825,204,15727,19713,290,99,700,185,727,1136,321,0
121,2020/07/13 14:00:00+00,218,5562,8892,8566,453,336,1221,529,1528,217,2605,27,1288,2850,205,15780,19773,290,101,708,189,728,1139,322,0
122,2020/07/14 14:00:00+00,220,5619,8990,8689,458,345,1224,531,1534,217,2619,27,1311,2891,205,15883,19956,296,103,721,197,737,1156,331,0
123,2020/07/15 14:00:00+00,222,5683,9153,8835,459,347,1228,536,1552,219,2635,28,1325,2922,208,15986,20099,299,105,730,207,739,1160,339,0
124,2020/07/16 14:00:00+00,224,5735,9261,8998,467,350,1235,538,1567,231,2655,29,1336,2957,211,16056,20191,301,105,739,216,743,1164,355,0
125,2020/07/17 14:00:00+00,227,5813,9376,9141,479,351,1248,542,1583,232,2661,30,1351,2983,215,16153,20302,305,106,753,230,751,1173,366,0
126,2020/07/18 14:00:00+00,232,5902,9517,9284,483,352,1256,550,1593,238,2701,33,1380,3040,218,16251,20425,310,107,764,238,773,1176,383,0
127,2020/07/19 14:00:00+00,237,5955,9723,9428,490,360,1269,553,1609,245,2722,34,1412,3097,221,16372,20589,318,108,773,243,784,1181,408,0
128,2020/07/20 14:00:00+00,239,6003,9828,9505,494,365,1276,559,1619,246,2739,34,1427,3128,223,16433,20690,331,108,779,257,796,1189,417,0
129,2020/07/21 14:00:00+00,240,6062,9994,9644,495,367,1296,566,1642,246,2785,34,1452,3177,224,16520,20867,335,110,785,265,816,1195,428,0
130,2020/07/22 14:00:00+00,240,6105,10153,9738,503,368,1311,570,1659,288,2797,37,1472,3198,221,16593,20958,340,110,789,268,818,1201,435,0
131,2020/07/23 14:00:00+00,244,6144,10345,9842,509,371,1316,576,1679,294,2820,38,1514,3242,223,16654,21038,341,111,790,274,826,1206,439,0
132,2020/07/24 14:00:00+00,244,6229,10520,10001,515,374,1337,583,1695,303,2833,41,1540,3271,224,16768,21210,350,114,805,289,833,1219,468,0
133,2020/07/25 14:00:00+00,252,6343,10793,10210,528,393,1355,596,1719,305,2870,42,1579,3313,228,16922,21432,357,114,822,298,864,1228,491,0
134,2020/07/26 14:00:00+00,256,6380,10924,10353,535,403,1369,597,1730,317,2879,42,1597,3327,229,17020,21558,366,114,834,308,871,1239,500,0
135,2020/07/27 14:00:00+00,260,6469,11124,10579,546,412,1391,601,1753,319,2909,43,1631,3373,229,17164,21770,370,115,849,317,897,1249,506,0
136,2020/07/28 14:00:00+00,262,6537,11252,10702,552,416,1402,607,1772,319,2931,48,1648,3410,224,17230,21870,375,116,855,320,914,1256,506,0
137,2020/07/29 14:00:00+00,260,6599,11423,10826,559,418,1414,612,1796,319,2947,45,1676,3441,224,17305,22044,376,116,863,323,931,1260,508,0
138,2020/07/30 14:00:00+00,264,6684,11615,11004,565,418,1435,619,1819,326,2964,45,1716,3472,229,17397,22183,378,117,874,330,936,1269,518,0
139,2020/07/31 14:00:00+00,266,6770,11818,11192,588,423,1449,622,1832,340,2986,45,1750,3530,232,17568,22416,383,119,896,340,952,1279,550,0
140,2020/08/01 14:00:00+00,267,6855,11997,11406,612,430,1467,630,1855,349,2989,43,1780,3570,235,17665,22606,386,121,904,361,967,1287,583,0
141,2020/08/02 14:00:00+00,271,6958,12175,11577,619,432,1481,647,1878,351,2998,43,1818,3622,235,17758,22743,397,123,922,366,978,1294,588,0
142,2020/08/03 14:00:00+00,273,7007,12401,11748,635,438,1491,655,1909,352,3010,43,1853,3660,235,17842,22880,399,123,931,368,982,1298,611,0
143,2020/08/04 14:00:00+00,276,7071,12525,11844,649,439,1503,662,1932,352,3016,44,1863,3690,235,17910,23082,399,129,931,368,986,1309,639,0
144,2020/08/05 14:00:00+00,276,7114,12666,11953,660,441,1511,672,1947,353,3020,45,1878,3717,235,17976,23156,402,129,945,369,989,1316,656,0
145,2020/08/06 14:00:00+00,279,7200,12777,12075,667,444,1516,681,1961,360,3032,45,1906,3729,236,18032,23225,406,130,951,371,996,1322,664,0
146,2020/08/07 14:00:00+00,280,7243,12915,12239,672,445,1530,689,1983,365,3050,46,1922,3779,238,18139,23372,420,133,962,384,1003,1322,675,0
147,2020/08/08 14:00:00+00,287,7295,13060,12375,685,445,1537,698,2000,371,3055,49,1934,3809,239,18260,23554,422,134,965,394,1007,1324,682,0
148,2020/08/09 14:00:00+00,291,7361,13257,12547,697,451,1546,702,2024,371,3067,49,1968,3846,243,18392,23697,431,136,983,400,1012,1338,694,0
149,2020/08/10 14:00:00+00,299,7416,13400,12704,707,453,1554,706,2040,375,3082,49,1994,3881,243,18489,23832,434,139,999,402,1018,1348,694,0
150,2020/08/11 14:00:00+00,300,7450,13374,12893,713,453,1567,708,2067,378,3093,51,2012,3913,242,18558,24009,433,141,1003,403,1029,1356,697,0
151,2020/08/12 14:00:00+00,303,7479,13463,12991,715,454,1572,714,2084,378,3118,53,2034,3941,243,18641,24098,440,141,1012,404,1041,1361,704,0
152,2020/08/13 14:00:00+00,312,7528,13593,13063,724,455,1583,715,2102,393,3154,54,2055,3967,242,18752,24301,446,141,1022,411,1066,1374,707,0
153,2020/08/14 14:00:00+00,326,7564,13699,13210,725,457,1596,719,2119,394,3173,54,2085,4009,242,18819,24442,468,142,1039,412,1090,1381,710,0
154,2020/08/15 14:00:00+00,338,7618,13847,13341,733,460,1603,724,2152,402,3196,58,2125,4040,242,18925,24588,470,147,1040,418,1117,1390,719,0
155,2020/08/16 14:00:00+00,341,7648,13941,13425,737,461,1608,726,2165,408,3216,58,2150,4071,244,19003,24654,482,151,1048,420,1125,1401,729,0
156,2020/08/17 14:00:00+00,343,7700,14043,13507,742,465,1613,736,2175,413,3231,58,2167,4089,246,19071,24719,487,154,1061,421,1138,1405,731,0
157,2020/08/18 14:00:00+00,348,7734,14116,13566,745,468,1622,738,2198,407,3247,58,2183,4111,249,19127,24888,493,155,1064,424,1148,1410,736,0
158,2020/08/19 14:00:00+00,354,7782,14180,13643,748,471,1623,739,2213,408,3267,59,2202,4125,251,19180,24949,495,159,1064,425,1160,1415,737,0
159,2020/08/20 14:00:00+00,358,7809,14327,13708,755,472,1625,744,2224,416,3289,60,2225,4148,251,19264,25058,498,164,1069,430,1170,1424,741,0
160,2020/08/21 14:00:00+00,365,7861,14471,13804,757,472,1632,752,2234,425,3309,61,2257,4178,255,19325,25197,508,169,1075,433,1192,1428,739,0
161,2020/08/22 14:00:00+00,367,7922,14585,13897,759,477,1638,757,2250,427,3321,61,2285,4192,254,19385,25343,512,176,1077,436,1207,1442,753,0
162,2020/08/23 14:00:00+00,377,7966,14693,13981,761,478,1647,761,2260,429,3344,61,2311,4214,254,19468,25426,514,176,1080,446,1234,1461,760,0
163,2020/08/24 14:00:00+00,381,8011,14788,14072,764,479,1651,765,2278,430,3371,61,2337,4249,254,19540,25537,517,176,1084,452,1237,1473,762,0
164,2020/08/25 14:00:00+00,387,8037,14823,14110,766,480,1655,766,2306,430,3376,63,2344,4266,255,19599,25648,523,181,1086,458,1241,1480,766,0
165,2020/08/26 14:00:00+00,388,8091,14912,14172,768,481,1660,766,2319,430,3404,63,2357,4282,256,19646,25705,524,183,1089,459,1258,1488,785,0
166,2020/08/27 14:00:00+00,389,8132,15043,14243,772,485,1665,768,2331,437,3413,62,2381,4300,260,19733,25817,526,187,1091,461,1267,1506,794,0
167,2020/08/28 14:00:00+00,392,8190,15149,14312,779,489,1669,769,2346,443,3430,63,2408,4325,260,19806,25963,533,191,1096,463,1273,1522,793,0
168,2020/08/29 14:00:00+00,391,8264,15274,14383,783,496,1679,776,2366,451,3459,63,2437,4354,261,19866,26064,540,192,1103,469,1288,1538,797,0
169,2020/08/30 14:00:00+00,391,8300,15382,14424,786,504,1686,782,2382,458,3477,63,2459,4367,263,19946,26151,543,192,1108,472,1308,1547,800,0
170,2020/08/31 14:00:00+00,393,8351,15479,14478,788,510,1694,788,2394,461,3492,63,2475,4381,263,20006,26215,553,195,1112,473,1312,1565,808,0
171,2020/09/01 14:00:00+00,395,8400,15593,14535,791,513,1700,795,2403,462,3505,63,2500,4415,264,20103,26356,556,196,1121,473,1321,1568,835,0
172,2020/09/02 14:00:00+00,396,8469,15665,14569,793,520,1711,802,2411,461,3513,63,2523,4431,267,20190,26428,558,198,1122,475,1337,1575,842,0
173,2020/09/03 14:00:00+00,398,8536,15825,14626,795,522,1728,809,2424,468,3532,63,2552,4459,270,20281,26565,560,201,1130,478,1349,1587,854,0
174,2020/09/04 14:00:00+00,401,8625,15959,14692,807,535,1744,824,2439,473,3562,64,2586,4502,270,20399,26697,571,203,1139,484,1369,1614,872,0
175,2020/09/05 14:00:00+00,403,8699,16081,14767,812,563,1769,838,2450,485,3591,64,2612,4542,271,20500,26858,577,205,1144,488,1378,1634,876,0
176,2020/09/06 14:00:00+00,404,8751,16183,14834,820,565,1780,848,2464,498,3603,64,2634,4573,273,20578,26917,579,205,1150,492,1386,1640,878,0
177,2020/09/07 14:00:00+00,407,8820,16302,14962,826,570,1788,853,2485,500,3622,64,2665,4605,277,20718,27027,587,206,1162,497,1392,1661,887,0
178,2020/09/08 14:00:00+00,407,8857,16347,14994,830,572,1796,858,2494,502,3638,64,2676,4627,277,20766,27102,589,207,1164,497,1411,1667,897,0
179,2020/09/09 14:00:00+00,408,8892,16382,15037,838,572,1807,862,2503,502,3642,65,2686,4652,277,20838,27163,591,209,1164,497,1416,1673,899,0
180,2020/09/10 14:00:00+00,409,8945,16441,15092,843,582,1815,878,2517,505,3664,65,2725,4683,277,20893,27245,595,210,1165,500,1440,1683,906,0
181,2020/09/11 14:00:00+00,411,8986,16520,15162,847,584,1820,886,2536,509,3684,66,2750,4704,279,20993,27439,599,211,1170,501,1453,1697,917,0
182,2020/09/12 14:00:00+00,415,9065,16648,15183,854,606,1842,904,2554,514,3717,67,2781,4743,288,21089,27589,606,216,1186,508,1474,1754,930,0
183,2020/09/13 14:00:00+00,421,9119,16724,15254,862,609,1852,911,2570,527,3742,68,2811,4768,290,21167,27683,607,219,1193,510,1493,1770,940,0
184,2020/09/14 14:00:00+00,424,9191,16797,15299,874,609,1863,918,2591,530,3756,68,2834,4787,291,21281,27760,612,220,1197,512,1506,1778,948,0
185,2020/09/15 14:00:00+00,429,9302,16905,15236,881,612,1871,942,2607,538,3785,71,2846,4809,293,21375,27891,613,225,1202,515,1525,1819,953,0
186,2020/09/16 14:00:00+00,431,9398,17165,15085,885,620,1881,949,2628,546,3811,70,2865,4843,289,21467,28034,618,227,1217,519,1546,1833,961,0
187,2020/09/17 14:00:00+00,435,9452,17221,15129,898,620,1888,964,2646,554,3834,71,2883,4863,293,21574,28202,626,238,1232,520,1556,1846,974,0
188,2020/09/18 14:00:00+00,439,9504,17288,15177,901,622,1891,968,2664,557,3851,71,2900,4881,293,21640,28361,630,240,1241,524,1589,1855,975,0
189,2020/09/19 14:00:00+00,443,9559,17365,15204,905,632,1900,985,2686,568,3896,72,2915,4912,295,21760,28495,634,244,1248,528,1627,1879,992,0
190,2020/09/20 14:00:00+00,444,9622,17423,15226,907,634,1909,997,2694,571,3914,72,2931,4941,295,21814,28555,637,244,1253,539,1646,1893,995,0
191,2020/09/21 14:00:00+00,447,9677,17486,15259,913,636,1912,1010,2703,575,3935,72,2937,4961,296,21877,28629,638,246,1259,542,1654,1902,1002,0
192,2020/09/22 14:00:00+00,450,9713,17523,15292,914,638,1917,1017,2716,578,3938,72,2945,4968,297,21933,28715,640,246,1257,543,1676,1914,1010,0
193,2020/09/23 14:00:00+00,454,9759,17579,15329,920,638,1920,1025,2725,578,3958,72,2945,4983,298,22002,28784,645,251,1259,543,1691,1919,1020,0
194,2020/09/24 14:00:00+00,459,9812,17655,15374,928,640,1925,1034,2737,582,3975,72,2963,4997,300,22078,28887,650,252,1262,549,1705,1936,1028,0
195,2020/09/25 14:00:00+00,460,9873,17720,15431,933,640,1937,1038,2745,587,3995,72,2986,5013,300,22185,28995,652,263,1274,551,1720,1949,1040,0
196,2020/09/26 14:00:00+00,461,9933,17782,15484,939,644,1944,1056,2753,592,4019,72,3008,5034,303,22275,29130,654,272,1288,555,1770,1959,1045,0
197,2020/09/27 14:00:00+00,463,9969,17837,15525,942,646,1948,1057,2759,593,4037,74,3021,5061,304,22360,29210,659,276,1291,559,1787,1975,1050,0
198,2020/09/28 14:00:00+00,464,10027,17902,15582,950,652,1952,1068,2770,593,4054,74,3039,5082,304,22421,29305,662,278,1302,565,1794,1992,1048,0
199,2020/09/29 14:00:00+00,473,10073,17939,15606,961,654,1957,1079,2779,594,4073,74,3045,5098,303,22512,29416,666,276,1306,565,1811,1998,1053,0
200,2020/09/30 14:00:00+00,474,10117,17994,15629,972,657,1965,1085,2798,594,4088,74,3060,5120,305,22584,29494,666,277,1310,568,1827,2009,1058,0
201,2020/10/01 14:00:00+00,484,10186,18148,15793,980,659,1975,1090,2819,598,4117,75,3086,5149,305,22679,29617,669,282,1317,570,1837,2016,1059,0
202,2020/10/02 14:00:00+00,484,10264,18213,15864,994,661,1987,1108,2829,608,4144,76,3101,5172,305,22810,29791,674,289,1330,574,1848,2025,1071,0
203,2020/10/03 14:00:00+00,492,10323,18285,15898,1001,662,2000,1118,2841,613,4175,76,3124,5217,308,22893,29905,677,295,1337,577,1857,2056,1089,0
204,2020/10/04 14:00:00+00,492,10376,18354,15954,1005,662,2003,1120,2851,614,4191,76,3141,5234,309,22976,30004,680,299,1343,578,1861,2085,1082,0
205,2020/10/05 14:00:00+00,495,10429,18409,16023,1009,664,2008,1125,2860,615,4219,76,3148,5262,309,23079,30088,682,311,1348,579,1862,2100,1091,0
206,2020/10/06 14:00:00+00,498,10473,18455,16056,1019,666,2022,1127,2869,616,4225,76,3167,5276,311,23135,30153,684,323,1357,579,1897,2117,1103,0
207,2020/10/07 14:00:00+00,501,10527,18522,16100,1032,668,2034,1134,2878,617,4249,76,3191,5292,315,23194,30226,688,325,1360,578,1917,2135,1105,0
208,2020/10/08 14:00:00+00,504,10572,18668,16263,1041,674,2043,1139,2888,622,4279,76,3207,5322,316,23293,30356,691,329,1363,584,1926,2157,1112,0
209,2020/10/09 14:00:00+00,506,10655,18792,16354,1047,677,2051,1148,2904,625,4297,76,3227,5357,318,23403,30502,691,335,1361,583,1955,2175,1120,0
210,2020/10/10 14:00:00+00,513,10732,18887,16390,1057,680,2069,1163,2922,633,4314,79,3246,5391,320,23505,30621,699,341,1363,583,1972,2190,1125,0
211,2020/10/11 14:00:00+00,524,10787,18974,16448,1066,683,2079,1168,2935,639,4340,81,3262,5422,322,23601,30692,704,342,1370,587,1986,2216,1129,0
212,2020/10/12 14:00:00+00,525,10875,19043,16508,1073,683,2086,1172,2942,642,4359,82,3272,5459,322,23696,30762,704,343,1371,589,1993,2230,1130,0
213,2020/10/13 14:00:00+00,528,10915,19102,16543,1074,684,2092,1179,2947,642,4379,82,3288,5473,325,23817,30878,705,345,1373,589,2008,2242,1133,0
214,2020/10/14 14:00:00+00,536,10986,19176,16584,1078,686,2099,1190,2962,644,4399,87,3317,5487,325,23926,30969,711,358,1375,593,2039,2248,1143,0
215,2020/10/15 14:00:00+00,538,11053,19275,16647,1082,688,2108,1192,2983,653,4436,88,3335,5508,326,24015,31102,714,363,1382,596,2054,2259,1151,0
216,2020/10/16 14:00:00+00,543,11151,19403,16681,1098,687,2120,1244,2991,661,4464,94,3353,5534,326,24174,31210,719,368,1385,602,2075,2287,1159,0
217,2020/10/17 14:00:00+00,551,11222,19494,16773,1113,699,2128,1262,3007,679,4498,96,3374,5566,326,24291,31367,725,377,1392,610,2093,2320,1164,0
218,2020/10/18 14:00:00+00,561,11265,19565,16842,1117,704,2137,1269,3018,687,4519,100,3395,5580,329,24395,31442,734,383,1395,619,2099,2337,1165,0
219,2020/10/19 14:00:00+00,569,11336,19646,16906,1120,704,2141,1275,3029,695,4534,105,3417,5605,332,24466,31497,736,387,1400,621,2108,2357,1168,0
220,2020/10/20 14:00:00+00,587,11391,19749,16937,1132,710,2152,1284,3041,711,4546,106,3430,5628,332,24560,31617,740,395,1409,623,2116,2374,1174,0
221,2020/10/21 14:00:00+00,594,11433,19799,17000,1141,713,2159,1291,3050,715,4559,108,3448,5647,334,24664,31695,742,398,1416,627,2137,2385,1181,0
222,2020/10/22 14:00:00+00,604,11514,19897,17079,1145,721,2168,1299,3067,735,4581,115,3482,5684,336,24772,31844,743,401,1420,631,2158,2397,1186,0
223,2020/10/23 14:00:00+00,614,11568,19980,17181,1153,726,2175,1307,3078,742,4610,117,3492,5716,338,24877,31999,758,404,1429,636,2182,2418,1191,0
224,2020/10/24 14:00:00+00,624,11645,20108,17312,1158,729,2192,1310,3090,761,4643,123,3513,5743,338,24984,32121,762,409,1443,636,2211,2434,1198,0
225,2020/10/25 14:00:00+00,635,11724,20208,17440,1162,732,2202,1322,3113,769,4678,126,3529,5777,338,25147,32225,767,410,1452,641,2229,2451,1202,0
226,2020/10/26 14:00:00+00,646,11778,20273,17506,1170,736,2211,1325,3136,775,4700,130,3541,5801,340,25281,32292,768,410,1459,643,2239,2480,1204,0
227,2020/10/27 14:00:00+00,660,11872,20419,17581,1176,740,2219,1340,3154,779,4721,139,3555,5845,342,25438,32499,773,419,1470,645,2252,2493,1210,0
228,2020/10/28 14:00:00+00,679,11921,20510,17664,1184,740,2231,1348,3168,782,4748,142,3583,5865,343,25562,32648,777,421,1475,647,2281,2494,1212,0
229,2020/10/29 14:00:00+00,693,12040,20670,17774,1188,750,2258,1354,3187,797,4786,147,3612,5894,343,25692,32800,784,427,1497,651,2304,2519,1220,0
230,2020/10/30 14:00:00+00,735,12115,20867,17850,1195,753,2278,1365,3208,808,4826,147,3649,5930,343,25831,32937,798,435,1501,655,2327,2539,1222,0
231,2020/10/31 14:00:00+00,766,12202,21017,17976,1204,760,2294,1372,3226,821,4857,150,3680,5959,346,25993,33111,802,438,1504,658,2358,2554,1233,0
232,2020/11/01 15:00:00+00,775,12256,21194,18100,1212,765,2301,1381,3247,829,4909,150,3726,5988,348,26114,33248,804,439,1507,660,2378,2572,1242,0
233,2020/11/02 15:00:00+00,791,12361,21349,18211,1216,767,2311,1390,3263,833,4936,154,3747,6019,348,26277,33360,806,451,1510,663,2393,2590,1249,0
234,2020/11/03 15:00:00+00,845,12448,21479,18292,1224,767,2330,1398,3273,835,4951,161,3768,6059,349,26398,33488,812,454,1515,662,2404,2601,1253,0
235,2020/11/04 15:00:00+00,884,12540,21605,18457,1230,767,2354,1407,3299,837,4987,165,3820,6085,349,26551,33651,818,462,1524,663,2445,2612,1254,0
236,2020/11/05 15:00:00+00,923,12653,21795,18610,1243,772,2364,1427,3324,839,5030,168,3873,6132,353,26777,33821,822,476,1529,668,2479,2628,1258,0
237,2020/11/06 15:00:00+00,972,12795,22046,18824,1265,774,2396,1439,3377,848,5069,172,3948,6195,354,26996,34070,826,484,1558,668,2514,2647,1268,0
238,2020/11/07 15:00:00+00,1023,12970,22267,19065,1270,777,2421,1459,3419,858,5116,174,3999,6261,355,27169,34246,835,489,1571,670,2557,2671,1273,0
239,2020/11/08 15:00:00+00,1051,13067,22427,19196,1274,778,2451,1466,3443,869,5166,181,4076,6302,355,27342,34384,837,492,1591,673,2612,2687,1276,0
240,2020/11/09 15:00:00+00,1119,13224,22668,19358,1283,781,2474,1473,3484,873,5211,189,4130,6376,355,27546,34589,840,495,1601,674,2632,2714,1282,0
241,2020/11/10 15:00:00+00,1156,13335,22864,19549,1294,783,2504,1489,3516,874,5257,194,4188,6443,360,27731,34856,848,506,1608,674,2664,2728,1288,0
242,2020/11/11 15:00:00+00,1245,13495,23104,19768,1300,785,2551,1508,3553,878,5318,209,4272,6517,363,27969,35146,856,510,1630,678,2725,2741,1302,0
243,2020/11/12 15:00:00+00,1273,13595,23392,20006,1313,786,2592,1526,3592,886,5373,211,4329,6581,366,28146,35336,870,517,1651,685,2787,2776,1311,0
244,2020/11/13 15:00:00+00,1399,13751,23682,20197,1341,798,2615,1539,3616,898,5441,240,4408,6656,369,28385,35666,885,529,1670,689,2875,2800,1320,0
245,2020/11/14 15:00:00+00,1520,13948,24013,20470,1350,804,2682,1570,3670,905,5495,274,4532,6731,370,28727,36052,902,532,1702,697,2955,2849,1340,0
246,2020/11/15 15:00:00+00,1606,14129,24285,20737,1365,810,2703,1596,3717,910,5565,305,4616,6791,372,28989,36269,908,540,1731,708,3038,2884,1356,0
247,2020/11/16 15:00:00+00,1664,14307,24594,21010,1373,819,2737,1640,3738,911,5616,312,4749,6843,374,29205,36486,927,541,1749,715,3070,2914,1362,0
248,2020/11/17 15:00:00+00,1771,14480,24897,21186,1388,823,2780,1669,3790,918,5703,328,4828,6945,376,29571,36905,937,575,1771,719,3112,2956,1377,0
249,2020/11/18 15:00:00+00,1889,14660,25253,21409,1402,825,2845,1694,3831,919,5778,366,4959,7005,377,29833,37184,946,584,1786,723,3187,2992,1376,0
250,2020/11/19 15:00:00+00,1990,14931,25753,21783,1430,839,2880,1744,3880,929,5859,408,5102,7106,387,30298,37581,963,609,1815,726,3295,3033,1392,0
251,2020/11/20 15:00:00+00,2115,15103,26088,22010,1439,844,2930,1795,3938,932,5943,447,5184,7201,391,30580,38053,990,636,1851,733,3409,3071,1403,0
252,2020/11/21 15:00:00+00,2282,15294,26583,22466,1456,860,2978,1820,3990,950,6036,470,5344,7340,399,30882,38428,1001,727,1889,742,3509,3112,1413,0
253,2020/11/22 15:00:00+00,2421,15471,26967,22699,1468,869,3020,1857,4025,961,6139,496,5461,7398,404,31176,38699,1010,742,1935,749,3601,3148,1423,0
254,2020/11/23 15:00:00+00,2493,15587,27223,22932,1480,878,3052,1890,4065,968,6198,504,5537,7488,410,31389,38985,1027,743,1949,761,3651,3172,1415,0
255,2020/11/24 15:00:00+00,2593,15715,27402,23087,1495,890,3092,1923,4104,970,6267,545,5600,7542,413,31622,39297,1033,761,1983,781,3710,3214,1425,0
256,2020/11/25 15:00:00+00,2734,15939,27780,23361,1521,902,3135,1944,4158,970,6385,612,5714,7638,416,32005,39790,1045,777,2012,786,3847,3261,1429,0
257,2020/11/26 15:00:00+00,2830,16114,28146,23682,1528,919,3174,1979,4184,988,6485,657,5805,7803,425,32259,40095,1049,810,2028,793,3982,3305,1440,0
258,2020/11/27 15:00:00+00,2962,16297,28504,23955,1537,938,3222,2023,4254,996,6575,682,5875,7917,428,32601,40479,1061,823,2063,801,4074,3348,1443,0
259,2020/11/28 15:00:00+00,3028,16404,28752,24120,1555,945,3254,2045,4276,998,6660,701,5940,7961,435,32790,40797,1074,886,2075,805,4116,3377,1454,0
260,2020/11/29 15:00:00+00,3093,16585,29008,24309,1583,952,3291,2078,4317,1004,6773,728,6026,8066,438,33103,41067,1083,910,2118,811,4240,3402,1462,0
261,2020/11/30 15:00:00+00,3168,16742,29315,24521,1598,972,3327,2109,4391,1011,6871,755,6099,8155,448,33400,41297,1097,918,2153,819,4281,3440,1483,0
262,2020/12/01 15:00:00+00,3366,16919,29645,24762,1611,983,3366,2156,4434,1021,6949,788,6160,8252,466,33905,41857,1108,1061,2174,824,4375,3462,1491,0
263,2020/12/02 15:00:00+00,3466,17166,29897,25006,1635,990,3415,2199,4502,1030,7123,817,6234,8343,467,34159,42190,1111,1102,2210,830,4469,3490,1504,0
264,2020/12/03 15:00:00+00,3597,17318,30187,25270,1660,1003,3442,2242,4522,1034,7249,874,6294,8410,472,34425,42458,1135,1117,2240,836,4570,3530,1514,0
265,2020/12/04 15:00:00+00,3900,17627,30671,25686,1687,1030,3517,2288,4593,1045,7425,915,6405,8561,486,35056,43000,1159,1127,2295,848,4764,3570,1536,0
266,2020/12/05 15:00:00+00,3933,17958,31077,25952,1705,1039,3594,2347,4666,1061,7577,943,6519,8719,500,35538,43635,1191,1151,2335,872,4890,3619,1563,0
267,2020/12/06 15:00:00+00,4071,18193,31416,26194,1724,1047,3681,2391,4717,1085,7719,976,6574,8813,507,35998,44057,1205,1171,2395,880,4991,3640,1582,0
268,2020/12/07 15:00:00+00,4101,18429,31708,26419,1746,1065,3728,2435,4752,1085,7852,999,6634,8912,510,36449,44402,1222,1183,2419,892,5111,3681,1595,0
269,2020/12/08 15:00:00+00,4204,18646,32014,26593,1766,1086,3796,2514,4804,1091,7952,1024,6704,9004,513,36851,44894,1236,1351,2486,904,5190,3725,1613,0
270,2020/12/09 15:00:00+00,4321,18914,32387,26897,1801,1090,3843,2598,4886,1098,8074,1058,6769,9124,515,37194,45345,1250,1372,2539,910,5288,3747,1633,0
271,2020/12/10 15:00:00+00,4378,19255,32853,27197,1812,1104,3882,2644,4945,1129,8226,1095,6904,9280,523,37738,45871,1277,1380,2572,922,5425,3796,1647,0
272,2020/12/11 15:00:00+00,4441,19547,33125,27464,1822,1130,3934,2674,4994,1135,8363,1116,6978,9388,533,38190,46335,1315,1391,2608,931,5572,3824,1661,0
273,2020/12/12 15:00:00+00,4590,19866,33539,27796,1849,1148,4056,2785,5070,1152,8550,1146,7096,9536,550,38812,46877,1337,1411,2665,947,5679,3868,1684,0
274,2020/12/13 15:00:00+00,4612,20171,33850,28046,1867,1156,4140,2820,5142,1164,8687,1153,7192,9633,562,39316,47288,1346,1426,2686,959,5804,3921,1706,0
275,2020/12/14 15:00:00+00,4629,20389,34109,28270,1893,1171,4197,2868,5183,1175,8820,1161,7256,9711,575,39721,47682,1365,1429,2730,966,5974,3960,1727,0
276,2020/12/15 15:00:00+00,4737,20548,34407,28407,1916,1182,4260,2923,5234,1177,8966,1169,7357,9783,583,40062,48232,1368,1488,2765,972,6088,3990,1748,0
277,2020/12/16 15:00:00+00,4848,20730,34702,28586,1924,1187,4310,2948,5289,1182,9081,1227,7442,9855,589,40500,48718,1378,1504,2789,975,6213,4018,1772,0
278,2020/12/17 15:00:00+00,4919,20941,35002,28853,1939,1190,4410,2984,5322,1194,9241,1244,7514,9912,594,40747,49068,1386,1520,2827,986,6350,4054,1787,0
279,2020/12/18 15:00:00+00,4983,21223,35283,29020,1968,1195,4468,3024,5383,1212,9380,1258,7590,10027,613,41172,49565,1406,1549,2867,999,6457,4095,1816,0
280,2020/12/19 15:00:00+00,5006,21455,35531,29156,1975,1205,4540,3091,5445,1224,9516,1291,7651,10116,621,41486,49982,1438,1575,2883,1009,6582,4134,1842,0
281,2020/12/20 15:00:00+00,5050,21674,35819,29331,1994,1215,4594,3146,5492,1257,9613,1306,7750,10196,630,41780,50319,1449,1577,2923,1018,6628,4184,1863,0
282,2020/12/21 15:00:00+00,5071,21924,36058,29578,2015,1218,4641,3193,5535,1266,9763,1312,7826,10284,646,42171,50643,1462,1579,2946,1030,6799,4233,1880,0
283,2020/12/22 15:00:00+00,5123,22120,36334,29865,2032,1231,4705,3256,5592,1281,9876,1325,7911,10370,661,42551,51006,1478,1617,2958,1046,6885,4271,1903,0
284,2020/12/23 15:00:00+00,5172,22366,36582,30080,2055,1232,4763,3270,5664,1290,10065,1339,7979,10463,664,42975,51462,1495,1630,2982,1055,7024,4319,1936,0
285,2020/12/24 15:00:00+00,5204,22710,36897,30290,2074,1241,4822,3316,5717,1295,10288,1358,8060,10604,674,43454,51912,1507,1642,3046,1065,7214,4362,1976,0
286,2020/12/25 15:00:00+00,5248,22981,37098,30440,2105,1260,4865,3361,5768,1301,10473,1392,8112,10719,681,43918,52363,1531,1655,3064,1071,7342,4408,2004,0
287,2020/12/26 15:00:00+00,5261,23253,37356,30612,2124,1263,4906,3425,5809,1308,10575,1404,8194,10769,688,44287,52767,1543,1684,3106,1094,7537,4447,2028,0
288,2020/12/27 15:00:00+00,5269,23408,37549,30777,2153,1275,4944,3447,5853,1319,10670,1414,8253,10822,695,44640,53043,1560,1690,3129,1104,7642,4480,2062,0
289,2020/12/28 15:00:00+00,5276,23634,37799,30989,2164,1281,4970,3470,5892,1323,10788,1421,8323,10898,713,45050,53338,1576,1697,3144,1121,7730,4515,2071,0
290,2020/12/29 15:00:00+00,5324,23789,37971,31123,2186,1288,5053,3506,5922,1334,10891,1424,8371,10986,718,45341,53692,1591,1771,3174,1133,7827,4559,2087,0
291,2020/12/30 15:00:00+00,5374,24045,38280,31312,2205,1295,5101,3535,5987,1337,11100,1439,8475,11088,722,45791,54127,1614,1781,3202,1135,8005,4617,2122,0
292,2020/12/31 15:00:00+00,5404,24408,38657,31537,2231,1319,5168,3568,6036,1372,11301,1456,8551,11222,737,46200,54581,1664,1792,3255,1164,8206,4675,2158,0
293,2021/01/01 15:00:00+00,5474,24815,39001,31911,2268,1341,5249,3620,6116,1382,11518,1487,8660,11363,742,46717,55139,1701,1816,3308,1185,8432,4752,2222,0
294,2021/01/02 15:00:00+00,5504,25143,39351,32132,2301,1360,5313,3687,6180,1397,11652,1492,8789,11486,763,47147,55694,1725,1843,3356,1221,8568,4818,2249,0
295,2021/01/03 15:00:00+00,5513,25365,39608,32317,2337,1370,5354,3718,6229,1420,11868,1496,8856,11564,767,47575,56028,1736,1845,3372,1236,8633,4843,2269,0
296,2021/01/04 15:00:00+00,5524,25629,39851,32503,2378,1378,5392,3744,6288,1438,12054,1515,8957,11657,783,48089,56391,1745,1848,3413,1247,8766,4896,2316,0
297,2021/01/05 15:00:00+00,5556,25781,40026,32689,2394,1394,5460,3785,6328,1443,12190,1525,9005,11744,792,48351,56813,1761,1887,3433,1257,8879,4934,2331,0
298,2021/01/06 15:00:00+00,5622,26130,40428,32982,2427,1400,5538,3831,6396,1458,12309,1543,9116,11885,802,48864,57286,1795,1897,3476,1268,9083,5006,2362,0
299,2021/01/07 15:00:00+00,5625,26478,40759,33215,2508,1420,5587,3869,6471,1527,12446,1561,9195,12029,811,49257,57771,1841,1910,3582,1303,9261,5046,2402,0
300,2021/01/08 15:00:00+00,5705,26916,41229,33528,2542,1467,5740,3915,6534,1538,12592,1584,9349,12249,822,49806,58316,1890,1933,3642,1336,9393,5117,2463,0
301,2021/01/09 15:00:00+00,5729,27345,41602,33848,2611,1482,5841,3960,6624,1597,12730,1598,9444,12459,840,50428,58954,1935,1962,3708,1355,9580,5216,2516,0
302,2021/01/10 15:00:00+00,5758,27770,41972,34121,2679,1502,5895,4010,6695,1618,12818,1614,9563,12612,852,51067,59540,1969,1965,3734,1381,9678,5295,2566,0
303,2021/01/11 15:00:00+00,5771,28202,42307,34400,2751,1542,5953,4100,6771,1627,12937,1623,9682,12734,870,51527,60023,2006,1973,3790,1401,9768,5333,2595,0
304,2021/01/12 15:00:00+00,5785,28416,42505,34443,2783,1556,6015,4125,6818,1645,13501,1634,9739,12863,877,52015,60505,2014,2022,3818,1420,9852,5386,2614,0
305,2021/01/13 15:00:00+00,5799,28675,42810,34678,2821,1560,6061,4158,6890,1658,13676,1647,9848,12954,886,52368,60972,2029,2034,3874,1426,9959,5442,2642,0
306,2021/01/14 15:00:00+00,5814,29016,43103,34907,2850,1575,6139,4213,6957,1732,13836,1665,9926,13070,892,52842,61516,2058,2047,3948,1441,10122,5473,2673,0
307,2021/01/15 15:00:00+00,5839,29358,43403,35199,2899,1608,6210,4267,7022,1759,13970,1689,10027,13195,904,53283,61946,2099,2052,3998,1458,10306,5531,2717,0
308,2021/01/16 15:00:00+00,5865,29710,43793,35405,2967,1627,6255,4337,7121,1811,14150,1701,10160,13330,918,53832,62491,2140,2068,4073,1477,10418,5626,2756,0
309,2021/01/17 15:00:00+00,5888,29955,44057,35610,3009,1645,6314,4366,7206,1828,14230,1716,10259,13433,937,54241,62927,2177,2074,4081,1499,10495,5701,2797,0
310,2021/01/18 15:00:00+00,5891,30174,44207,35773,3051,1652,6348,4403,7264,1844,14325,1719,10314,13525,943,54525,63258,2187,2084,4103,1508,10549,5745,2822,0
311,2021/01/19 15:00:00+00,5956,30355,44391,35941,3099,1665,6397,4438,7303,1864,14447,1728,10396,13592,949,54835,63592,2196,2109,4161,1525,10625,5791,2831,0
312,2021/01/20 15:00:00+00,5982,30616,44639,36055,3119,1684,6427,4487,7349,1877,14574,1737,10476,13657,956,55203,63994,2210,2121,4234,1543,10730,5832,2851,0
313,2021/01/21 15:00:00+00,5993,30847,44944,36283,3153,1693,6478,4523,7412,1899,14693,1741,10541,13744,964,55531,64355,2218,2127,4256,1555,10814,5878,2877,0
314,2021/01/22 15:00:00+00,6015,31125,45197,36453,3177,1735,6533,4553,7470,1908,14817,1750,10649,13860,982,55951,64764,2257,2140,4303,1568,10869,5922,2917,0
315,2021/01/23 15:00:00+00,6033,31396,45459,36688,3226,1755,6571,4587,7551,1955,14925,1753,10736,13954,993,56328,65151,2279,2161,4334,1585,10948,5991,2948,0
316,2021/01/24 15:00:00+00,6068,31599,45671,36886,3254,1764,6622,4606,7609,1962,15046,1759,10821,14028,1007,56729,65562,2287,2168,4374,1597,11006,6053,2974,0
317,2021/01/25 15:00:00+00,6095,31764,45847,37023,3271,1771,6649,4629,7667,1969,15113,1760,10896,14077,1013,57129,65865,2298,2173,4396,1605,11048,6097,2983,0
318,2021/01/26 15:00:00+00,6106,31909,46027,37087,3289,1806,6697,4640,7719,2009,15216,1764,10957,14138,1014,57326,66159,2305,2200,4411,1613,11102,6140,2986,0
319,2021/01/27 15:00:00+00,6119,32093,46254,37281,3304,1824,6750,4674,7786,2017,15239,1765,11039,14250,1021,57685,66535,2312,2208,4448,1622,11153,6172,3008,0
320,2021/01/28 15:00:00+00,6134,32362,46618,37464,3340,1833,6808,4690,7833,2031,15342,1782,11127,14330,1023,58011,66888,2328,2222,4489,1635,11228,6213,3018,0
321,2021/01/29 15:00:00+00,6143,32535,46843,37625,3373,1859,6861,4709,7909,2040,15447,1789,11186,14408,1027,58308,67262,2338,2228,4517,1646,11307,6232,3037,0
